"data_size","cache_size","belady","lru","pivot","ld","mru"
1386048,1,10963776,10963776,10963776,10963776,10963776
2293111,380,18344497,18344497,18344497,18344497,18344497
3341588,5,26636233,26553054,26549708,26500591,26395659
834282,34,6673656,6671919,6671601,5977114,6422758
2494095,52,19952436,19952385,19952302,19952292,19952282
1624328,9,12983679,12983568,12972124,12972627,12945844
103026,19,823440,822196,821917,821988,786850
100284,85,802177,802177,802175,802175,802168
1890131,210,15120658,15120636,15120614,15120622,15120613
2093261,33,16746049,16746048,16746044,16746048,16746021
665498,103,5323660,5323636,5323573,5323580,5323537
214152,7,1706169,1706169,1701588,1702897,1690540
2142171,7,17075571,17075561,17002964,15662387,16916535
2712110,341,21696462,21696459,21696462,21696456,21696442
3271074,173,26168205,26168177,26168158,26168161,26168134
2473645,117,19788830,19788805,19788755,19788754,19788722
1538719,303,12309425,12309425,12309419,12309419,12309422
2167784,8,17104419,16825257,16768696,15418453,15600223
1511994,32,12094364,12090743,12086502,10862276,11546153
1687393,206,13498790,13498759,13498745,13498747,13498734
1664561,3,12738361,12577576,12491479,11911551,11869133
440445,26,3522296,3519282,3519579,3251275,3266722
2047576,1,16109892,16109892,16109892,16109892,16109892
1782372,76,14258881,14258881,14258879,14258879,14258841
217615,210,1737644,1734547,1735452,1734757,1540911
276747,43,2213858,2213752,2213740,2213723,2203678
2529174,92,20233297,20233297,20233296,20233296,20233297
562914,18,4491375,4466523,4472614,4269320,4202041
494997,20,3957028,3951805,3952972,3953002,3734267
37513,18,300073,300073,300071,300071,300063
1189882,146,9518669,9518633,9518612,9518615,9518573
46167,37,369273,369234,369174,360671,367538
1425932,244,11407069,11407061,11407037,11407045,11407041
3444632,41,27556961,27556946,27556922,27556926,27556840
1203729,19,9619274,9595422,9602768,9585697,8952084
2918743,171,23349557,23349529,23349497,23349498,23349484
975041,39,7800001,7798854,7797092,7033395,7600366
666314,30,5329438,5326198,5325038,5321984,5053696
1232706,146,9861261,9861225,9861181,9861189,9861165
2108547,127,16868049,16868029,16867980,16867977,16867949
790139,13,6287708,6220228,6235350,5742349,5771604
1877562,60,15020113,15020045,15020000,15019993,15019986
2557438,308,20457797,20457459,20456028,20456206,18412255
2937983,177,23503473,23503445,23503426,23503431,23503402
1147272,40,9177848,9177402,9174383,8972354,8905246
3029603,101,24236437,24236383,24236353,24236368,24236322
1126317,63,9010467,9010361,9010456,9010458,8946686
2873211,271,22985357,22985357,22985349,22985352,22985335
2958705,39,23669194,23668865,23669064,23669052,23634883
161156,4,1273256,1273256,1260245,1254517,1248994
527627,1,4144286,4144286,4144286,4144286,4144286
1782910,5,13871489,13540022,13579807,13668821,12776824
1108025,37,8863741,8862434,8863288,8863332,8846729
2755986,51,22047793,22047785,22047766,22047774,22047718
1986924,47,15895061,15894997,15894919,15894944,15894913
1774777,82,14197829,14197768,14197712,14197744,14197705
3448185,127,27585153,27585133,27585084,27585081,27585053
2858388,92,22867009,22867009,22867008,22867008,22867009
2139784,51,17118009,17117180,17117865,17117797,16745365
40754,34,325967,325811,325618,325685,321749
325105,20,2600731,2600724,2599887,2599887,2581042
1208120,18,9664275,9664221,9661398,9661399,9649100
3431859,122,27454481,27454441,27454410,27454423,27454371
2468775,329,19749817,19749816,19749817,19749817,19749806
276444,42,2211448,2211355,2211195,2031544,2201400
2148188,230,17185110,17185094,17185084,17185093,17185079
2963995,40,23711865,23711850,23711819,23711829,23711741
3232742,84,25861841,25861841,25861839,25861839,25861830
3103690,47,24829425,24829417,24829396,24829402,24829342
1054351,1,7488540,7488540,7488540,7488540,7488540
2659170,215,21272970,21272948,21272926,21272939,21272932
2558870,237,20470630,20470629,20470607,20470608,20470605
388536,35,3108009,3107055,3106684,3106684,3010433
1682440,61,13459444,13459331,13459381,13459375,13310098
3294463,15,26272802,26075660,26146726,23735131,24134643
3204698,107,25637193,25637140,25637113,25637127,25637079
837835,4,6702675,6702673,6702673,6702673,6702675
607086,1,4775689,4775689,4775689,4775689,4775689
2538520,48,20307822,20307103,20302743,20114786,19921016
1657392,168,13258749,13258721,13258702,13258702,13258678
2632926,89,21063313,21063313,21063312,21063312,21063313
2494042,229,19951940,19951919,19951912,19951922,19951906
2532761,44,20261637,20260926,20253217,19834974,19685367
252562,34,2020288,2019752,2019863,2019858,1974615
2997954,954,23982189,23982183,23981824,21306684,22016534
1591976,4,12537512,12420846,12404457,12321121,12171820
2646522,1,21095966,21095966,21095966,21095966,21095966
2539201,2,20313600,20313598,20313598,20313598,19993370
1670376,11,13353893,13353881,13349022,13350689,13257437
679803,18,5434596,5429257,5426049,5422109,4980950
991468,1,7785345,7785345,7785345,7785345,7785345
1953860,49,15630600,15629880,15629940,15630366,15338064
1387095,253,11096431,11096430,11096418,11096426,11096406
2088594,87,16708657,16708657,16708655,16708655,16708652
2677141,17,21417018,21416994,21416920,21416908,21416830
3168104,66,25344503,25344459,25344378,25344401,25344359
1945350,262,15562410,15562402,15562382,15562396,15562383
79507,40,636000,635987,635989,620998,630884
2640081,43,21120204,21120049,21120050,21118474,21039070
1788337,19,14303767,14299540,14298883,14256254,14199143
1385442,355,11083179,11083179,11083179,11083179,11083179
1931598,204,15452457,15452456,15452425,15452429,15452423
2357395,128,18858773,18858733,18858706,18858709,18858664
2541509,46,20331632,20330794,20328295,20329018,19755510
559770,36,4477840,4477150,4476831,4375096,4287231
2176229,34,17408719,17406129,17406309,17216215,17150894
236182,16,1887240,1882392,1878897,1877799,1743556
796742,7,6345483,6345483,6324898,6329923,6278013
3177609,1836,25418946,25418946,25418946,25418946,23808715
598178,1,4712217,4712217,4712217,4712217,4712217
2302404,8,18186215,17871460,17765270,16369875,16609968
2232668,87,17861020,17860994,17860916,17860888,17860880
1454169,31,11633314,11633314,11633296,11633131,11633235
1639302,41,13113980,13113276,13109119,11832834,12711952
2237057,310,17896034,17896029,17896028,17896020,17896012
2466774,193,19733835,19733801,19733788,19733787,19733772
3183738,32,25469865,25469863,25469859,25469861,25469837
3008153,110,24064830,24064779,24064764,24064763,24064720
617648,257,4940801,4940793,4940774,4940781,4940774
457490,27,3658443,3653300,3653884,3549208,3417270
3224755,2,25797804,25797757,25797730,25797751,25797717
2870950,124,22967176,22967136,22967123,22967130,22967080
1902201,44,15217208,15216612,15213939,15213574,14779781
724590,10,5758288,5726248,5643146,5641862,5251754
1835027,72,14679887,14679849,14679771,14679746,14679745
511228,17,4073174,3990913,4052186,3804595,3795153
1346656,515,10771416,10771125,10770131,9604344,9582103
3117342,30,24938697,24938694,24938682,24938681,24938662
915694,5,7126999,6956012,6976398,6776446,6574224
1778570,23,14221065,14202282,14209187,14191511,13210725
1076260,375,8609666,8609664,8609666,8609666,8609656
2193356,20,17546239,17546189,17542623,16793329,17517112
1562415,58,12499228,12498883,12499152,12499154,12432619
3037070,179,24296199,24296163,24296146,24296144,24296119
2135324,33,17082553,17082552,17082548,17082552,17082525
744038,10,5947464,5947308,5944071,5944878,5919148
2980086,203,23840298,23840276,23840254,23840262,23840251
2723605,2,21788545,21788447,21788529,21788531,21520529
2596965,252,20775329,20775321,20775322,20775319,20775301
3418152,281,27344822,27344816,27344816,27344818,27344801
70775,362,565823,565823,565823,565823,565823
1621129,269,12968705,12968705,12968698,12968692,12968685
1553176,4,12425402,12425400,12425352,12425352,12388985
1668469,2,13346390,13345990,13339184,13085989,13085530
823514,233,6587704,6587684,6587682,6587686,6587675
2165131,3,16835892,16835260,16822368,15669930,16143620
121694,1,959305,959305,959305,959305,959305
1575250,42,12601609,12600923,12597248,12359315,12142207
1702161,2,13617283,13617282,13617282,13617282,13471583
498071,45,3984437,3984285,3983529,3610424,3838773
777839,13,6220788,6220788,6218802,6219184,5728519
197789,1,1558951,1558951,1558951,1558951,1558951
216457,11,1730746,1730746,1730332,1730527,1724393
3427058,92,27416102,27416025,27416004,27415986,27415969
2761617,62,22092518,22092462,22092424,22092446,22092413
230512,16,1840591,1830045,1830875,1828979,1739878
2997573,2,22640034,22635152,22156172,21323028,21373824
98964,57,791652,791639,791649,791652,788947
1434737,122,11477567,11477542,11477495,11477492,11477465
3247494,95,25979565,25979510,25979468,25979458,25979450
469028,34,3751877,3750828,3750584,3750569,3656306
1873881,36,14990369,14988495,14989382,14989419,14817578
1780273,208,14241797,14241775,14241772,14241764,14241755
2569260,217,20553693,20553671,20553652,20553658,20553655
2177668,10,17297399,17187551,17013713,15506498,15733368
668643,54,5349049,5349041,5349024,5349032,5348981
2374978,64,18999759,18999731,18999759,18999434,18959258
1693244,10,13442998,13350355,13242230,12428748,12272774
246577,1,1932390,1932390,1932390,1932390,1932390
3217501,91,25739617,25739559,25739527,25739539,25739494
202353,34,1618610,1617948,1616075,1575207,1549650
2629025,1,18691079,18691079,18691079,18691079,18691079
1318414,125,10546983,10546962,10546913,10546890,10546881
495340,1,3899595,3899595,3899595,3899595,3899595
445164,23,3561243,3561243,3560785,3560785,3561157
839424,2,6715255,6715210,6715247,6715249,6635726
1876234,1,14777191,14777191,14777191,14777191,14777191
517683,70,4141392,4141392,4141391,4125190,4141392
3031591,28,24252629,24252606,24252552,24252561,24252479
3190467,157,25523345,25523314,25523276,25523276,25523255
2828002,993,22620910,22620806,22620288,22620486,20102663
282791,18,2262179,2262174,2262052,2262052,2261195
1897678,19,15181378,15181371,15181289,15181293,15181255
740170,5,5764393,5616338,5619770,5690320,5315344
3263666,85,26108937,26108877,26108852,26108855,26108816
733045,17,5850953,5793600,5835110,5800713,5428645
2302166,236,18416938,18416929,18416903,18416908,18416907
493285,1,3507678,3507678,3507678,3507678,3507678
2518983,26,20151665,20151665,20151662,20151665,20074417
215897,38,1727081,1727066,1727032,1727044,1726946
328100,4,2520918,2474205,2473255,2357745,2343587
467873,23,3742894,3742894,3742894,3742894,3738150
598158,139,4784877,4784839,4784822,4784826,4784781
2757377,44,22058194,22057369,22049275,20045666,21365218
3311396,194,26490807,26490775,26490760,26490755,26490744
515269,25,4122083,4122083,4122081,4116655,4115388
2635218,85,21081649,21081649,21081647,21081647,21081640
3347161,52,26777193,26777185,26777167,26777175,26777123
1592511,3,12740084,12740082,12740083,12740084,12740084
3132992,349,25063546,25063546,25063546,25063546,25063535
2464110,76,19712785,19712785,19712783,19712783,19712745
1100054,52,8800105,8800049,8799969,8799950,8799954
2017383,23,16138960,16138940,16138874,16138858,16138785
2602729,156,20821503,20821489,20821452,20821454,20821440
2777401,246,22218821,22218813,22218789,22218797,22218793
2809842,4,22478731,22478729,22478727,22478728,22478731
1790923,64,14327318,14327289,14327289,14327289,14280753
1646345,365,13170383,13170383,13170383,13170383,13170383
1298675,55,10389288,10388630,10389225,10388612,10305748
2043020,120,16343773,16343733,16343678,16343678,16343663
1582039,299,12655955,12655950,12655946,12655947,12655934
3324041,26,26590133,26586808,26587300,26178961,26257202
2382139,234,19056721,19056706,19056684,19056695,19056689
3296132,299,26368660,26368657,26368655,26368659,26368640
2708746,321,21669639,21669639,21669639,21669639,21669638
3265816,18,26126481,26126473,26126384,26126404,26126327
297393,28,2378743,2378096,2378245,2303952,2273269
2461356,28,19690809,19690805,19690785,19690772,19690772
434000,51,3471914,3471719,3471897,3471676,3441525
2484763,14,19813674,19702671,19658550,18296153,18164656
3221518,183,25771815,25771808,25771772,25771774,25771774
1057593,165,8460357,8460328,8460308,8460316,8460275
890509,26,7122445,7119531,7120227,7119058,6660273
38674,20,309370,309370,309370,309370,309367
1692720,61,13541684,13541571,13541348,13267737,13389219
661691,22,5293399,5293395,5292909,5292909,5292697
2762203,23,22097520,22097500,22097434,22097418,22097345
649991,63,5199861,5199781,5199858,5199857,5174775
2892272,21,23138132,23138125,23138060,23138078,23138036
2970935,54,23767149,23767095,23767013,23766994,23766999
3174538,236,25395890,25395868,25395868,25395872,25395860
164503,3,1258849,1242516,1232234,1238868,1178763
3466176,402,27728977,27728977,27728977,27728977,27728975
2279499,8,18229487,18229201,18212208,18212198,18205442
690552,62,5524350,5524309,5524333,5524332,5524342
2401147,57,19209043,19208557,19207883,18790651,18981272
2986885,1,23624099,23624099,23624099,23624099,23624099
1985563,4,15884499,15884497,15884495,15884496,15884499
1849012,1,13145223,13145223,13145223,13145223,13145223
3094870,32,24758921,24758919,24758915,24758917,24758893
1022022,1,8043754,8043754,8043754,8043754,8043754
2917278,14,23338172,23338158,23338055,23338061,23337992
2183662,47,17468963,17468899,17468820,17468810,17468815
3012976,48,24103258,24102726,24103036,24103001,23939264
1983680,1,14252092,14252092,14252092,14252092,14252092
3323255,87,26585945,26585945,26585943,26585943,26585940
2003267,66,16026041,16026041,16026033,16026035,16025990
805659,16,6436730,6416783,6413019,5742530,5987167
2343053,71,18744037,18743969,18743928,18743922,18743911
2257647,16,18017371,17884984,17944098,16128285,16564090
2930112,149,23440509,23440474,23440432,23440436,23440419
2485205,135,19881250,19881210,19881162,19881174,19881141
1259018,1,9919530,9919530,9919530,9919530,9919530
1431258,230,11449737,11449736,11449711,11449711,11449710
2708373,11,21666927,21666907,21666793,21666807,21666727
529597,3,4236683,4236530,4236651,4236651,4220244
1841359,35,14729699,14725143,14723074,14546376,14051771
2093053,93,16744329,16744329,16744329,16744329,16744329
849000,55,6791620,6791560,6791490,6791534,6791484
1757647,329,14060762,14060757,14060762,14060756,14060742
2325992,63,18607867,18607745,18607536,18329508,18474779
1881371,238,15050607,15050587,15050572,15050576,15050562
1662459,335,13299254,13299249,13299254,13299248,13299234
1254705,63,10037572,10037452,10037557,10037490,10007731
2208366,15,17657046,17642408,17619164,17615878,17300300
2468969,65,19751685,19751650,19751684,19751684,19728227
2056207,279,16449265,16449258,16449259,16449261,16449244
2637977,74,21103422,21103355,21103331,21103335,21103299
722853,58,5782752,5782612,5782730,5782732,5775992
2377978,57,19023729,19023723,19023706,19023714,19023667
3283178,35,26265385,26265384,26265384,26265384,26265367
1967028,197,15735802,15735775,15735764,15735776,15735745
80034,28,640203,640155,640174,593572,640184
2046468,224,16371417,16371416,16371386,16371387,16371390
2165434,51,17323217,17322389,17323088,17321737,16852850
2533629,31,20265690,20252967,20250814,20239712,19217321
2724294,1,21424344,21424344,21424344,21424344,21424344
226966,25,1815680,1815680,1815680,1815680,1812919
2048530,38,16387475,16385001,16378447,14826969,15780605
542311,25,4338412,4338412,4338412,4338412,4335047
754001,20,6026568,6016687,6019061,6008439,5634859
2569346,306,20554414,20554411,20554406,20554409,20554394
2618554,111,20948102,20948077,20948020,20948022,20947982
3222954,283,25783301,25783301,25783294,25783288,25783288
2708403,46,21666764,21665887,21660208,19628518,21081524
937504,29,7498206,7493605,7491129,6860945,7090823
465530,54,3724154,3723922,3724127,3724128,3700854
1547057,29,12376392,12376392,12376374,12376167,12356962
917946,32,7342533,7340188,7336504,7250935,7036380
2484568,107,19876215,19876190,19876129,19876093,19876091
484258,40,3873870,3873714,3873436,3873415,3745838
1009057,27,8070780,8067212,8068320,7576383,7651083
3021131,112,24168717,24168692,24168636,24168601,24168597
1682026,1,13206340,13206340,13206340,13206340,13206340
3006825,150,24054213,24054179,24054137,24054140,24054123
2915910,152,23326884,23326849,23326829,23326835,23326791
2309949,189,18479170,18479143,18479131,18479144,18479108
2103061,11,16713508,16575894,16522595,15530749,15309567
1265161,161,10120905,10120875,10120855,10120855,10120823
1232315,3,9858447,9858333,9858394,9858394,9726892
2649344,32,21194713,21194711,21194707,21194709,21194685
2934440,14,23475469,23475455,23475358,23475357,23475290
2591754,56,20733892,20733471,20733798,20715322,20360920
2941644,61,23533061,23532865,23532955,23531922,23279644
1502633,2,12020854,12020784,12020842,12020845,11857473
2299060,1,18089987,18089987,18089987,18089987,18089987
326819,1,2567304,2567304,2567304,2567304,2567304
522926,75,4183313,4183313,4183311,4183310,4183272
589577,25,4714508,4710078,4710335,4442433,4441067
3370673,19,26965337,26965330,26965241,26965249,26965190
2996321,8,23970436,23970389,23970338,23970320,23970242
1218349,50,9746324,9745880,9743182,9543606,9539735
2103742,279,16829607,16829607,16829600,16829594,16829594
2078490,1,14934418,14934418,14934418,14934418,14934418
3050548,191,24403993,24403968,24403946,24403952,24403942
672767,2,5382064,5382040,5382060,5382061,5311959
3259874,321,26078661,26078661,26078661,26078661,26078660
2301596,42,18412255,18411203,18403604,17319399,17660515
3329936,164,26639131,26639093,26639077,26639074,26639036
1048842,6,8343708,8317138,8278875,8311120,8196451
640566,58,5124464,5124386,5124437,5124435,5111374
1909611,18,15276841,15276833,15276744,15276764,15276687
3168186,36,25345449,25345448,25345449,25345449,25345432
38474,45,307736,307725,307729,307653,304958
2213370,34,17706921,17706921,17706916,17706509,17706506
1597347,19,12768010,12746701,12753050,12736396,11828312
1681682,386,13453069,13453069,13453069,13453069,13453069
1992623,136,15940627,15940578,15940563,15940557,15940517
3099841,49,24798633,24798625,24798605,24798611,24798552
2865140,179,22920730,22920702,22920684,22920684,22920666
1861488,297,14891577,14891577,14891571,14891571,14891572
2362356,166,18898458,18898430,18898409,18898409,18898373
1589491,47,12715350,12714801,12715096,12715143,12497048
1032615,48,8260714,8260263,8260619,8257353,8115239
2336540,6,18595334,18595334,18523226,18513985,17768842
1932591,54,15460550,15459814,15460451,15439592,15176134
769023,4,6152178,6152176,6152176,6152176,6145771
1172601,192,9380417,9380391,9380378,9380382,9380372
1498293,103,11985957,11985904,11985875,11985879,11985843
2117057,46,16936100,16935454,16930824,15397441,16515818
172168,13,1374308,1364966,1358656,1364192,1283525
3264614,203,26116529,26116507,26116485,26116493,26116484
2227802,11728,17809406,17809377,17809167,17809169,16104515
1031059,1,7332462,7332462,7332462,7332462,7332462
2332738,1,18347884,18347884,18347884,18347884,18347884
1309729,53,10477679,10477225,10477606,10459155,10239513
1728472,200,13827447,13827445,13827412,13827408,13827411
3192862,2,25541973,25541702,25541823,25541871,25500478
1348244,53,10785544,10785269,10785392,10785432,10752797
2134199,147,17073170,17073133,17073117,17073144,17073079
1067774,384,8541805,8541805,8541805,8541805,8541805
2668911,31,21351249,21351247,21351242,21351244,21351221
2243191,94,17945198,17945170,17945102,17945068,17945061
2259196,18,18047625,18000974,18007581,16100830,16658462
259832,10,2062207,2047647,2029334,1857643,1894482
2170121,257,17360607,17360591,17360581,17360581,17360566
1738671,63,13909302,13909218,13909270,13909141,13898576
317048,27,2535538,2532732,2533054,2292957,2410192
1511884,301,12094689,12094687,12094689,12094689,12094669
1883031,8,14947057,14772494,14706628,13986446,14145801
1277731,38,10221203,10220428,10220663,10220712,10003097
3159784,93,25277943,25277915,25277846,25277854,25277806
780681,1,6147462,6147462,6147462,6147462,6147462
1333618,18,10654778,10629643,10632190,9498310,9843899
2681164,53,21448747,21447679,21448501,21448428,20938379
389508,1,3048200,3048200,3048200,3048200,3048200
1837208,21,14697289,14697289,14694137,14694117,14679631
2369598,346,18956362,18956359,18956362,18956356,18956342
1269505,40,10155651,10155158,10152441,9925153,9885898
3287045,351,26295964,26295964,26295964,26295964,26295953
3387044,55,27095843,27094657,27095580,27062648,26714880
1771285,38,14169592,14167590,14163817,14164018,13574795
2592251,84,20737614,20737553,20737527,20737532,20737492
1180012,18,9422176,9387372,9394275,8639832,8747818
2667696,262,21341154,21341144,21341141,21341138,21341126
1424574,48,11396369,11395961,11393161,11289585,11191738
2085253,13,16612965,16466548,16480241,15371399,15243962
1162524,112,9299863,9299838,9299781,9299784,9299748
1261495,42,10091656,10091268,10090926,9907892,9820260
1869305,13,14890272,14755636,14775185,13297613,13662270
2987387,12,23886308,23885537,23874474,21680787,22727590
237587,36,1900541,1900284,1898628,1837819,1786974
188760,33,1509904,1509496,1509316,1438030,1490132
1449103,263,11592437,11592429,11592411,11592419,11592410
2440853,94,19526434,19526378,19526345,19526363,19526317
2350630,25,18805000,18804991,18804960,18804948,18804938
2135236,155,17081470,17081433,17081418,17081444,17081384
1937711,41,15501168,15500362,15495731,15220346,14960242
43893,13,349779,346404,344873,343823,333590
3262655,159,26100886,26100846,26100832,26100830,26100789
2163498,59,17307884,17307414,17307271,16946615,17167156
2462454,102,19699241,19699187,19699171,19699173,19699129
2111110,8,16874447,16873900,16836382,16836792,16830745
452862,1,3562051,3562051,3562051,3562051,3562051
3393176,127,27145014,27144974,27144957,27144957,27144907
1994389,30,15955069,15955069,15955024,15955025,15952966
1419501,34,11355969,11355968,11355965,11355968,11355949
2286270,52,18289919,18289049,18289800,18289006,17955596
180768,2,1446133,1446130,1446133,1446133,1430706
2583653,222,20668894,20668893,20668863,20668885,20668867
1277579,45,10220387,10220022,10216943,10179823,9785923
674174,1,5347087,5347087,5347087,5347087,5347087
2616419,1,20573856,20573856,20573856,20573856,20573856
2651038,181,21207973,21207966,21207929,21207929,21207931
157481,3,1259844,1259842,1259843,1259844,1259844
2575013,121,20599775,20599750,20599702,20599671,20599672
3121994,19,24957299,24919340,24928008,22844544,23301109
2345904,103,18766845,18766792,18766778,18766778,18766734
2366851,25,18927270,18911625,18912316,18893425,17699354
2824511,87,22595993,22595993,22595991,22595991,22595988
1735078,62,13880556,13880474,13880391,13747022,13860735
2263484,166,18107482,18107454,18107413,18107420,18107397
3419715,292,27357391,27357391,27357384,27357384,27357379
486147,2,3888940,3888893,3888866,3888887,3888853
996999,1,7835038,7835038,7835038,7835038,7835038
3311100,269,26488382,26488372,26488370,26488366,26488354
92082,1,723201,723201,723201,723201,723201
421410,1,3321497,3321497,3321497,3321497,3321497
3271535,124,26171889,26171849,26171799,26171797,26171779
2259060,2,18072472,18072470,18072470,18072470,17788300
541891,30,4334364,4332317,4332136,4332044,4084632
657923,49,5263258,5263050,5262670,4868853,5206317
3349125,30,26792961,26792958,26792946,26792945,26792926
1699052,111,13592033,13591983,13591954,13591971,13591922
1159314,27,9271656,9262798,9264133,8587019,8652521
2969319,30,23754513,23754510,23754498,23754497,23754478
1839504,32,14715937,14715916,14715876,14715871,14715785
124034,22,991853,991316,991303,991309,947005
2748668,22,21977146,21953266,21961136,20041853,20441710
2062498,115,16499657,16499632,16499580,16499549,16499552
2704409,313,21634881,21634879,21634875,21634868,21634861
3323928,329,26591093,26591093,26591093,26591093,26591093
286894,36,2294982,2294548,2294835,2241603,2241653
586871,15,4694334,4694334,4694040,4694040,4691909
2807210,7,22141074,21847886,21651623,20231036,20386618
556855,23,4454743,4454743,4454743,4454743,4453917
2134941,71,17079201,17079163,17079084,17079103,17079059
2094258,1,16462767,16462767,16462767,16462767,16462767
3127873,75,25022889,25022889,25022887,25022886,25022848
538694,18,4306373,4301905,4299923,3840256,3952710
3113841,32,24910633,24910612,24910572,24910567,24910481
2238643,261,17908814,17908814,17908801,17908801,17908791
1303411,43,10427026,10426385,10421638,10422209,10204207
709434,338,5675118,5675118,5675116,5675116,5675115
1609455,5,12875520,12875453,12875409,12875383,12875349
1408044,9,11149947,10950338,10974433,10979267,10201969
704578,52,5636510,5636204,5636466,5629134,5569630
2173755,236,17389711,17389710,17389688,17389689,17389686
2379534,2,18251444,18251444,18234463,17288925,17578574
3050473,181,24403453,24403446,24403409,24403409,24403411
161902,1,1266398,1266398,1266398,1266398,1266398
1713561,46,13708154,13707535,13707227,13707585,13404614
1992704,1,15659816,15659816,15659816,15659816,15659816
1650150,119,13200813,13200773,13200718,13200717,13200703
2716551,177,21732078,21732071,21732033,21732033,21732032
380257,11,3029070,3011443,2987790,2984927,2799308
812062,61,6496425,6496361,6496402,6496397,6493690
2669471,1,21273657,21273657,21273657,21273657,21273657
1353520,41,10827750,10827250,10825631,10825472,10419941
432977,59,3463754,3463661,3463747,3463748,3455821
368746,26,2949914,2949914,2949913,2949914,2949696
830075,51,6640466,6640148,6640409,6631219,6535338
1068716,4,8256595,8086648,8075769,7606194,7657343
2490491,54,19923527,19923263,19923379,19922673,19905518
2147856,6,17182749,17182694,17182617,17182611,17182572
2942125,11,23371544,23167189,23097131,21102210,21366107
661022,33,5287557,5285886,5284708,4818624,5098200
1945339,2,15562553,15562501,15559281,15562543,15277428
1262884,8,10077786,10074858,10049989,9270240,9993458
1617168,349,12936987,12936987,12936986,12936987,12936987
650233,20,5197203,5188539,5190532,4651367,4875896
1688221,40,13505290,13505122,13505108,13502077,13424112
2871614,23,22972372,22972284,22971784,22971793,22953256
2466369,101,19730623,19730597,19730531,19730497,19730489
2064799,28,16514631,16507396,16504895,15063853,15427367
1413338,5,11206558,11206549,11079203,11067372,10161306
765641,53,6125013,6124676,6124969,6124749,5997802
807749,62,6461924,6461860,6461904,6461903,6452443
1499157,40,11992528,11992059,11990793,11800202,11667822
1915057,59,15320365,15319960,15320277,15319889,15137933
1427656,2,11420820,11420678,11420792,11420799,11319471
1031620,25,8252838,8252838,8252838,8252838,8239348
1743057,242,13944129,13944128,13944113,13944123,13944104
1738250,62,13905936,13905897,13905640,13787473,13905934
1275934,40,10207101,10206599,10202274,10028937,9816109
2490893,4,19926997,19926914,19926907,19926840,19926851
2822857,27,22582695,22582671,22582670,22582672,22581963
2935954,189,23487301,23487295,23487258,23487266,23487260
2857951,69,22863513,22863513,22863510,22863507,22863467
1798632,4,14389050,14389048,14388910,14388910,14321453
188303,17,1503283,1490353,1499664,1499454,1414605
2292908,185,18342877,18342850,18342831,18342839,18342820
1230512,45,9843817,9843397,9843209,9842755,9540958
532184,27,4257421,4257414,4257412,4257412,4257187
2497855,218,19982513,19982512,19982481,19982503,19982486
2827700,5,22018400,21475584,21520231,20112169,20232619
904393,9,7171731,7033156,7019147,6430283,6535615
2652439,200,21219150,21219119,21219103,21219101,21219087
912967,122,7303409,7303384,7303338,7303334,7303307
613599,6,4819932,4767830,4684787,4690142,4404645
1805557,71,14444361,14444361,14444358,14444356,14444317
2452138,7,19313048,19032732,18845751,17490547,17704316
394176,24,3151103,3146788,3145400,2998212,2964895
1436282,204,11489869,11489847,11489835,11489849,11489826
1651396,1,12962044,12962044,12962044,12962044,12962044
2432790,28,19462281,19462277,19462257,19462244,19462244
3218372,55,25746761,25745595,25746495,25696535,24564064
2337474,1,18375758,18375758,18375758,18375758,18375758
3085792,18,24681825,24676459,24671371,24671034,24394402
1438166,6,11279750,11154263,10980215,11098503,10357431
2152587,316,17220309,17220308,17220303,17220304,17220289
1850567,138,14804149,14804111,14804065,14804071,14804045
3292984,50,26343293,26342514,26343058,26342974,26120987
350987,10,2805196,2805086,2803141,2803575,2784957
1213360,275,9706489,9706481,9706483,9706484,9706467
3341714,79,26733617,26733617,26733615,26733615,26733593
1525529,133,12203845,12203805,12203756,12203768,12203736
1003023,56,8024085,8023908,8024059,8024020,7858478
2727186,196,21817097,21817074,21817050,21817057,21817050
3311191,117,26489171,26489110,26489101,26489091,26489051
1000334,54,8002570,8002081,8002514,8002495,7917369
1399945,62,11199465,11199464,11199450,11199458,11199408
174676,33,1397229,1396775,1396853,1396799,1338373
827667,1,6523597,6523597,6523597,6523597,6523597
3266842,205,26134374,26134343,26134327,26134327,26134312
446175,56,3569319,3569241,3569301,3569316,3502278
74142,1,532991,532991,532991,532991,532991
2663093,234,21304354,21304339,21304318,21304323,21304323
2316283,31,18529915,18529833,18529777,18529794,18529780
2645362,107,21162505,21162452,21162425,21162428,21162391
3449297,121,27594046,27594021,27593973,27593971,27593941
299163,13,2392626,2392626,2392004,2392140,2385818
3241224,34,25928008,25923247,25920598,24307673,25246576
2874407,134,22994899,22994849,22994835,22994823,22994788
1748515,7,13752609,13553087,13452641,12555500,12614540
440407,29,3522454,3520594,3520264,3518177,3397671
1151847,50,9214446,9214383,9214305,9214326,9214295
1471258,182,11769656,11769633,11769620,11769631,11769596
801989,55,6415823,6415406,6415780,6415760,6331497
1006566,54,8052420,8051888,8052352,8049823,7937250
2351421,21,18799171,18768907,18781475,18761106,17376178
3226504,75,25811937,25811937,25811935,25811934,25811896
3159476,15,25275758,25275748,25275647,25275653,25275580
1615729,160,12925505,12925492,12925454,12925453,12925446
1259150,89,10072817,10072760,10072725,10072742,10072701
2258605,252,18068418,18068403,18068397,18068400,18068390
569052,48,4552300,4552135,4552251,4551995,4445323
838504,26,6705479,6698881,6699753,6508177,6374155
3277005,25,26215938,26215917,26215856,26215845,26215774
191961,1193,1533508,1533481,1532777,1361170,1369313
2708908,335,21670874,21670873,21670874,21670874,21670863
99785,27,798045,797604,797790,797678,763492
2840144,277,22720738,22720728,22720728,22720723,22720711
264159,59,2113212,2113175,2113207,2113209,2113210
1962098,52,15696555,15695802,15696448,15695680,15287780
1543602,250,12348459,12348442,12348432,12348433,12348416
2389681,278,19117121,19117121,19117114,19117116,19117108
2271471,3,18171764,18171762,18171763,18171764,18171764
2064078,19,16512578,16512571,16512489,16512493,16512455
1987694,31,15901514,15901514,15901482,15901159,15901435
1217424,17,9738447,9738447,9735171,9735181,9657328
3039924,56,24319232,24318716,24319122,24303334,24050916
2865118,262,22920615,22920615,22920602,22920610,22920592
181715,35,1453554,1452642,1453130,1453129,1433802
612153,190,4896841,4896815,4896795,4896803,4896794
2528539,218,20227983,20227982,20227951,20227952,20227954
2915361,27,23316094,23295685,23298877,20816472,21904162
2474507,369,19795669,19795669,19795669,19795669,19795667
2732132,3,21856815,21856417,21856575,21856575,21685378
1856910,228,14854903,14854888,14854870,14854875,14854873
176980,1,1384599,1384599,1384599,1384599,1384599
2571801,56,20574313,20574306,20574289,20574298,20574251
1338627,14,10684411,10647921,10595482,10615583,9798752
984914,4,7772634,7772634,7696468,7649749,7431911
2389907,207,19118895,19118864,19118848,19118850,19118833
3446323,5,27308743,27308613,27044562,27016882,26784777
578232,36,4625506,4624751,4622964,4356915,4373536
1070530,11,8495574,8412013,8400042,8399281,7817876
2755089,27,22036996,22028873,22030465,20751765,21286473
1885714,27,15085673,15085666,15085647,15085628,15085630
3266342,180,26130407,26130400,26130363,26130364,26130365
2944114,49,23552817,23552809,23552789,23552795,23552736
1884806,47,15078124,15077477,15073840,13728780,14551628
2471312,63,19770105,19769955,19769952,19769945,19769977
3121336,22,24970583,24970564,24970489,24970479,24970400
1652934,61,13223390,13223231,13223342,13209770,13159807
2083109,241,16664482,16664474,16664449,16664453,16664453
2802099,155,22416463,22416449,22416412,22416409,22416400
97167,59,777272,777260,777268,777272,764502
2422915,4,18709589,18311410,18276886,17351720,17363829
2797316,84,22378110,22378058,22378040,22378050,22378005
2826497,27,22605783,22588192,22591714,21142392,21310236
1467630,1,11557713,11557713,11557713,11557713,11557713
2442154,161,19536875,19536836,19536819,19536819,19536777
2453329,343,19626245,19626244,19626239,19626239,19626234
1884140,2,14446760,14446760,14435850,14128158,13909905
770056,56,6160366,6160224,6160339,6160315,6121036
1675318,221,13402214,13402213,13402182,13402183,13402187
188096,17,1504573,1504567,1503146,1460713,1502865
960270,3,7682118,7682057,7682105,7682105,7643805
2708120,144,21664630,21664615,21664573,21664567,21664558
3283599,17,26268682,26268658,26268584,26268572,26268494
1988025,323,15903810,15903809,15903804,15903800,15903790
2396460,1,19048006,19048006,19048006,19048006,19048006
2119946,36,16958459,16955787,16946667,16946481,16260293
3116131,263,24928686,24928674,24928663,24928663,24928646
2865799,66,22926297,22926297,22926289,22926291,22926246
1220669,70,9765257,9765257,9765254,9765251,9765212
351755,4,2814034,2814032,2814032,2814032,2804993
224701,34,1797398,1796817,1796296,1796294,1760846
461928,3,3539567,3494894,3472051,3406038,3317585
1265928,223,10127097,10127096,10127066,10127089,10127070
334149,55,2673116,2672960,2672997,2627213,2659154
2925317,247,23402209,23402208,23402196,23402203,23402184
1898220,15,15147419,15062374,15083311,13635127,13857516
2389113,25,19104010,19084315,19083577,17224171,17900209
2957333,2,23658195,23658039,23658167,23658172,23360594
1187811,14,9467718,9405435,9391979,9395173,8629498
1754848,3,14038705,14038580,14038623,14038623,13971924
2774499,63,22195602,22195496,22195441,22195470,22170304
3212968,126,25703357,25703317,25703289,25703293,25703248
2944197,47,23553241,23553176,23553095,23553089,23553094
2782965,21,22248679,22212244,22227466,21882133,20696278
604264,33,4833569,4832208,4832262,4588553,4592926
79319,21,634522,634522,634402,634402,631563
2572476,60,20579713,20579708,20579696,20579699,20579653
244899,20,1957795,1954827,1955350,1953422,1865552
1869785,117,14957893,14957852,14957820,14957830,14957783
1816428,122,14531037,14530997,14530969,14530977,14530927
95163,1,749534,749534,749534,749534,749534
216654,1,1705439,1705439,1705439,1705439,1705439
1511220,15,12070896,12040008,12010891,12004329,11233797
2792479,15,22335937,22335937,22329549,22329758,22103772
1869292,5,14954328,14954328,14954231,14954230,14774652
601408,9,4804663,4804663,4800300,4801448,4768354
3181565,250,25452102,25452086,25452082,25452085,25452074
2509306,349,20074087,20074087,20074086,20074086,20074086
131599,35,1052684,1052451,1052431,1035920,1041270
646447,1,5080427,5080427,5080427,5080427,5080427
679632,51,5436946,5436636,5436914,5436877,5390842
761172,42,6089148,6088870,6088553,6086215,5951183
350803,54,2806353,2806240,2806347,2806348,2770120
332653,310,2660847,2660845,2660841,2660843,2660827
1343004,151,10743645,10743612,10743590,10743589,10743555
2616197,59,20929467,20928919,20929350,20912909,20671447
3403467,114,27227405,27227380,27227325,27227326,27227290
206922,5,1637056,1637053,1621659,1619608,1569460
624815,20,4998392,4998383,4998286,4998286,4996987
2310222,17,18481728,18481721,18481625,18481635,18481560
2920331,215,23362319,23362318,23362287,23362300,23362288
187157,57,1497190,1497165,1497188,1495414,1490569
116600,17,931462,927138,930215,926012,865289
1240043,231,9919957,9919941,9919933,9919941,9919927
740431,57,5923364,5923222,5923339,5923305,5896386
3170805,313,25366053,25366051,25366047,25366040,25366033
1346826,268,10774225,10774217,10774223,10774218,10774204
773313,18,6186025,6185981,6183377,6183381,6167147
3149645,84,25196769,25196708,25196662,25196660,25196644
2747525,210,21979786,21979763,21979755,21979767,21979744
1285634,263,10284722,10284712,10284703,10284704,10284690
3222815,12,25782465,25782447,25782335,25782349,25782267
3285594,260,26284422,26284422,26284409,26284417,26284399
3029644,37,24236807,24236726,24236666,24236682,24236668
1308930,15,10471390,10471380,10471279,10471285,10471212
3023740,222,24189590,24189589,24189559,24189581,24189563
1149599,33,9195834,9193284,9192918,8252843,8781373
1463259,64,11706007,11705979,11706007,11705906,11693152
3017276,234,24137818,24137803,24137782,24137786,24137787
2253706,18,18010661,17978893,17975314,17848229,16559448
1459348,236,11674393,11674377,11674369,11674377,11674363
3461220,77,27689430,27689393,27689319,27689289,27689289
3352084,349,26816248,26816245,26816248,26816242,26816228
3452140,196,27616729,27616706,27616682,27616692,27616682
1612914,3736,12899468,12899468,12899468,12899467,12048770
680224,3,5441294,5440718,5441116,5441114,5430148
3412182,419,27297032,27297032,27297032,27297032,27297032
2837439,273,22699129,22699121,22699110,22699122,22699108
150297,11,1197559,1191012,1183633,1182079,1110538
2190116,60,17520848,17520747,17520737,17511106,17327553
67522,20,539664,539012,539269,538162,513542
3107404,106,24858845,24858793,24858765,24858781,24858731
2180274,190,17441774,17441747,17441735,17441748,17441715
318030,1,2499872,2499872,2499872,2499872,2499872
3374560,5,26996323,26996269,26996235,26996216,26996150
417183,51,3337368,3337146,3337088,3264093,3317781
1335769,134,10685744,10685712,10685693,10685718,10685651
871699,3,6780607,6780388,6775685,6701473,6589280
1814184,218,14513089,14513067,14513049,14513063,14513052
669086,33,5352099,5350540,5349286,4825451,5170564
1022950,2113,8172993,8172675,8168783,8171248,7297575
2057057,69,16456065,16455998,16455971,16455974,16455941
1309711,17,10464078,10416937,10439833,9338400,9661852
1819140,6,14552973,14552924,14552881,14552861,14552792
1910376,299,15282618,15282615,15282618,15282618,15282598
2280695,6,18150816,18150816,18083843,18077778,17045530
2587667,9,20701270,20701242,20701122,20701138,20701072
2911253,230,23289630,23289614,23289604,23289613,23289599
2691507,53,21531961,21531953,21531936,21531944,21531892
567843,237,4542336,4542317,4542315,4542319,4542308
2604728,146,20837493,20837479,20837438,20837438,20837421
1984474,302,15875409,15875407,15875402,15875396,15875389
1371221,38,10969729,10969729,10969729,10969729,10969729
2523322,123,20186245,20186222,20186173,20186146,20186142
1457734,51,11661698,11661271,11661608,11647515,11544562
3057006,392,24455652,24455652,24455652,24455652,24455652
2505395,39,20042821,20042740,20042680,20042702,20042681
220040,22,1759503,1758035,1758507,1757062,1678279
3038659,7,24309187,24309146,24309046,24309058,24308997
211955,3,1695622,1695598,1695617,1695617,1690126
2275348,118,18202401,18202360,18202331,18202342,18202291
370806,26,2965066,2961178,2961563,2761253,2775833
1100356,195,8802430,8802403,8802393,8802404,8802374
2010039,1,15794502,15794502,15794502,15794502,15794502
164198,32,1313373,1312650,1312975,1313023,1289461
1160559,14,9245501,9173381,9182659,8258797,8518762
830278,15,6628335,6599760,6601634,6596048,6109738
2747215,95,21977302,21977253,21977238,21977250,21977202
187307,8,1495305,1495032,1492886,1493280,1485087
3018346,67,24146697,24146697,24146694,24146692,24024388
1669617,3,13356886,13356812,13356839,13356839,13293089
983416,63,7867263,7867182,7867247,7867248,7867261
908743,15,7239397,7161918,7204757,6500748,6675425
3233314,3,25866286,25865929,25866053,25866043,25554969
1560748,12,12485836,12485753,12485564,12485546,12239487
2321631,32,18573009,18573007,18573003,18573005,18572981
210679,16,1685240,1685239,1685134,1685134,1684674
1074066,1,8453867,8453867,8453867,8453867,8453867
3336005,249,26687679,26687661,26687649,26687651,26687635
1769193,49,14153449,14153441,14153421,14153427,14153368
2185017,3,17479952,17479878,17479876,17479868,17479815
1490805,293,11926053,11926050,11926041,11926046,11926033
2210160,50,17681185,17681177,17681157,17681164,17681105
1023584,57,8188586,8188374,8188541,8188504,8085727
2575468,239,20603357,20603349,20603347,20603340,20603328
1422739,8,11281101,11132751,11067399,10471654,10566928
1819543,59,14556253,14555872,14555583,14240055,14396741
2273756,60,18189968,18189855,18189870,18189850,18024397
358595,3,2748849,2713746,2695127,2640839,2566024
3094333,214,24754277,24754255,24754234,24754242,24754239
58403,8,466820,466819,465323,465330,466252
1134549,1,8920909,8920909,8920909,8920909,8920909
1045718,82,8365649,8365649,8365647,8365647,8365632
1199923,6,9397123,9289792,9159377,9180797,8594784
3198436,220,25587097,25587075,25587055,25587062,25587059
2147050,8,17126863,17055611,17027030,17025267,16833522
150508,1,1181651,1181651,1181651,1181651,1181651
545921,13,4365965,4365965,4364459,4364739,4345640
1502702,2,12021611,12021610,12021610,12021610,11881581
2866798,162,22933994,22933965,22933923,22933929,22933906
2754559,130,22036143,22036123,22036075,22036055,22036045
2933977,39,23471721,23471706,23471674,23471684,23471591
1149905,3,9199236,9199234,9199235,9199236,9199236
179428,27,1435393,1435389,1435389,1421016,1428616
672104,16,5347864,5242969,5312754,5291608,4975979
1506737,3,12053820,12053701,12053768,12053768,11979836
2106079,233,16848275,16848255,16848239,16848242,16848230
247372,305,1978652,1978652,1978647,1978652,1978649
3028061,1,23819710,23819710,23819710,23819710,23819710
1260600,31,10083218,10077507,10076839,9572344,9482906
544857,9,4351704,4351701,4346064,4347090,4302564
2504543,62,20036249,20036248,20036234,20036242,20036192
1193158,286,9544907,9544901,9544894,9544895,9544880
1740805,57,13926349,13926093,13926276,13926217,13845227
852560,35,6819925,6818194,6818527,6818367,6573549
2553451,19,20426705,20426705,20422299,20422301,20317842
2708817,330,21670146,21670145,21670146,21670146,21670128
1877634,26,15015811,15002623,15004298,14988930,14077814
2883596,212,23068381,23068359,23068346,23068360,23068345
254911,48,2039234,2039218,2039234,2004080,2014347
1148984,31,9191836,9191836,9191821,9191821,9191785
2700287,244,21601905,21601897,21601885,21601891,21601877
1339465,91,10715366,10715288,10715273,10715256,10715238
1010122,68,8080903,8080903,8080903,8080903,8080879
1829894,58,14639062,14638728,14638968,14638913,14466412
2666180,1,18954586,18954586,18954586,18954586,18954586
3394979,277,27159445,27159439,27159426,27159438,27159424
3185061,4,25480481,25480476,25480102,25480102,25397660
3384069,350,27072156,27072156,27072156,27072156,27072145
1502429,366,12019049,12019049,12019049,12019049,12019048
1678781,205,13429861,13429839,13429817,13429824,13429816
751790,51,6014186,6013857,6014140,6009949,5951275
2942506,44,23539710,23539632,23539564,23539561,23539566
146250,49,1169943,1169910,1169937,1169936,1169939
2926446,271,23411177,23411169,23411171,23411173,23411152
1675464,326,13403358,13403356,13403353,13403355,13403349
676161,2,5181314,5181314,5176746,5066809,4924764
743452,12,5921393,5877806,5849131,5293283,5400305
2018876,177,16150678,16150671,16150633,16150633,16150632
1327596,130,10620439,10620419,10620371,10620368,10620341
1555633,178,12444681,12444653,12444634,12444640,12444622
1783873,29,14270945,14270941,14270927,14270919,14270908
3252391,81,26018745,26018684,26018628,26018664,26018621
2153922,117,17231047,17231022,17230971,17230972,17230942
1187330,23,9493630,9481054,9486214,8471297,8819196
1773912,281,14190874,14190864,14190864,14190859,14190847
461100,8,3643846,3584302,3568449,3585082,3342074
1042961,1,8198949,8198949,8198949,8198949,8198949
3134692,155,25077175,25077133,25077117,25077111,25077075
164233,17,1312742,1309236,1308311,1308245,1233706
2408999,278,19271602,19271597,19271582,19271595,19271581
2079515,9,16439234,16144081,16196248,16156623,15063040
1468000,31,11743967,11743967,11743939,11743939,11743965
532320,26,4257679,4256272,4256676,3962205,4018142
1140940,12,9124147,9124021,9121749,9122428,9092185
654873,8,5175265,5089045,5064672,5078673,4715718
3383910,4,26863617,26741461,26724159,26430607,26466145
1724086,1,13559890,13559890,13559890,13559890,13559890
2320852,31,18563751,18552113,18549882,17993493,17415672
1222855,18,9762284,9720462,9728279,9583011,9071288
2254789,56,18037897,18037838,18037801,18037814,18037793
815574,12,6500403,6455214,6407866,5805076,5928695
2560899,204,20486774,20486747,20486741,20486751,20486732
2024668,45,16196940,16196835,16196816,16196813,16196822
81181,1,640047,640047,640047,640047,640047
504036,3,3924323,3924290,3921064,3863181,3801697
2835646,168,22684750,22684722,22684705,22684724,22684668
1350929,37,10807094,10807019,10806962,10806982,10806946
2846303,4,22417265,22417265,22221027,20561741,21488553
2512501,3,20099751,20099325,20099489,20099489,19874807
2860981,26,22887352,22887275,22887215,22883541,22850408
1457320,53,11658411,11657773,11658338,11658274,11506956
2705315,349,21642126,21642126,21642126,21642126,21642115
1672059,23,13369509,13352065,13358009,11923467,12395079
1631196,168,13049181,13049153,13049134,13049134,13049110
465052,11,3699698,3673187,3653900,3653910,3405745
1340910,37,10726663,10724828,10721369,10587924,10264067
296789,23,2373522,2372124,2372587,2372139,2255402
2468022,38,19744137,19744137,19744137,19744137,19744137
759296,15,6073129,6073129,6070354,6070433,6039314
1711186,124,13689105,13689065,13689015,13689015,13688996
3371543,30,26972305,26972302,26972290,26972289,26972270
2461021,315,19687774,19687772,19687774,19687773,19687754
1613127,5,12559844,12253166,12282587,11604994,11545555
2134280,2,17074235,17074234,17074234,17074234,16802417
2324015,265,18591763,18591751,18591743,18591743,18591731
434179,10,3453012,3435424,3388445,3386951,3155763
2268047,215,18144015,18143985,18143970,18143975,18143961
977742,1,7678856,7678856,7678856,7678856,7678856
2565624,4,20524985,20524980,20524796,20524796,20456797
3135562,21,25075400,25055702,25064112,25064210,23988563
1022760,119,8181753,8181728,8181678,8181678,8181650
1967440,269,15739129,15739121,15739122,15739122,15739102
2794064,35,22352473,22352472,22352472,22352472,22352455
1463327,18,11691761,11665721,11668130,10421373,10783155
3462827,20,27698254,27690246,27692353,27691294,27277916
580856,17,4636242,4588478,4619862,4609896,4268523
201493,9,1594988,1564088,1559852,1564876,1489539
2592775,12,20640246,20473227,20390692,20426085,18846954
3208503,13,25630908,25540306,25505218,25531850,24630770
2144980,330,17159453,17159452,17159447,17159447,17159439
1442457,11,11531930,11531912,11527870,10567150,11440116
2306482,71,18451490,18451408,18451373,18451358,18451350
1001990,20,8010631,8001447,8003720,7995008,7460677
1579741,4,12454520,12454520,12339660,11511365,12213732
1017746,51,8141589,8141475,8140862,8091764,8141454
2264777,30,18118172,18118172,18118122,18118124,18118098
1577103,52,12616650,12616186,12616575,12616533,12489645
479216,21,3831739,3827628,3829529,3421723,3567159
1275419,30,10201729,10197643,10198115,10198056,9698835
2474874,27,19793580,19778180,19781148,18183071,18494511
496248,60,3969920,3969883,3969903,3967794,3965605
1559617,32,12476897,12476895,12476891,12476893,12476869
3463080,76,27704544,27704541,27704466,27704463,27335837
3052175,170,24417043,24417006,24416990,24416988,24416958
1349348,21,10794495,10794495,10793539,10793539,10769974
1818627,6,14270336,14111487,13876416,13027912,13013485
403409,38,3227079,3226656,3225464,3197757,3137173
1774270,250,14193830,14193829,14193817,14193824,14193805
121126,44,968948,968919,968935,968597,967013
2048730,252,16389446,16389438,16389430,16389433,16389418
2764888,52,22118835,22117825,22118702,22116182,21538270
1749044,18,13991401,13991339,13988746,13988748,13972592
3241158,106,25928846,25928797,25928788,25928800,25928748
1212726,7,9672203,9672197,9628265,9635109,9577059
1985150,16,15843287,15730733,15779531,15777750,14600535
493388,20,3945464,3942082,3942638,3530536,3692044
2314639,335,18516722,18516721,18516716,18516718,18516711
60383,1,475754,475754,475754,475754,475754
176514,2,1412104,1412102,1412104,1412104,1396804
1383505,17,11067992,11067985,11067889,11067899,11067824
1776966,1,13976660,13976660,13976660,13976660,13976660
2733766,67,21870033,21870033,21870025,21870027,21869982
118818,5,913579,895024,899222,855858,856052
2352934,182,18823142,18823135,18823099,18823100,18823100
1502730,1,11835348,11835348,11835348,11835348,11835348
878343,1,6245101,6245101,6245101,6245101,6245101
558861,7,4407885,4345897,4303042,4335833,4035713
3217428,42,25739329,25739314,25739293,25739295,25739211
1144874,1,8244691,8244691,8244691,8244691,8244691
878179,17,7024665,7024655,7020509,7020524,6965170
1713113,1,13457720,13457720,13457720,13457720,13457720
1789080,115,14312290,14312238,14312221,14312212,14312168
825617,45,6604777,6604548,6602232,6597900,6518590
104709,52,837612,837542,837605,837602,837612
434216,23,3472745,3471129,3471610,3101025,3275946
1219051,139,9751990,9751951,9751937,9751960,9751896
3258164,289,26064951,26064945,26064938,26064939,26064923
520058,41,4160283,4160085,4159588,4157656,4012246
258228,36,2065662,2065404,2065233,2017021,2037189
1629225,42,13033458,13032678,13026219,12901823,12696463
2020201,104,16161190,16161141,16161131,16161143,16161092
447475,4,3449124,3378613,3373686,3399234,3206659
2830089,24,22640402,22640398,22638236,22638228,22638110
1064027,17,8496800,8436798,8476363,8458501,7875764
1357776,294,10861831,10861828,10861824,10861825,10861811
1853578,36,14827660,14824696,14823644,14823362,14179781
2096149,230,16768801,16768785,16768776,16768785,16768770
3369997,203,26959582,26959560,26959544,26959555,26959537
3149921,209,25198981,25198959,25198937,25198946,25198941
1131918,5,8976650,8976644,8871173,8859830,8795823
1746610,15,13970727,13970727,13968237,13968319,13942231
3232407,179,25858834,25858807,25858792,25858808,25858760
92144,3,705885,696912,692187,656469,659635
823336,4,6363477,6227946,6216800,5855741,5909868
1531376,35,12250009,12246000,12243876,12243580,11556656
47472,1,374105,374105,374105,374105,374105
2387606,142,19100465,19100427,19100407,19100410,19100369
549431,49,4395349,4395215,4394819,4375962,4322784
686425,152,5491073,5491059,5491021,5491020,5491010
1270611,24,10161001,10154814,10154967,10154834,9556387
2740786,10,21817952,21723896,21520368,20085619,20367930
549838,14,4397714,4397672,4396709,4396761,4384071
152557,1,1201925,1201925,1201925,1201925,1201925
1470979,195,11767475,11767444,11767428,11767426,11767412
2969110,362,23752462,23752459,23752462,23752460,23752451
1670066,31,13359681,13358045,13357969,13358005,13318367
2528990,246,20231530,20231522,20231498,20231506,20231502
395780,28,3165499,3164134,3163748,2838362,3045332
764732,3,5848618,5776060,5739705,5743126,5440960
3342680,229,26741016,26740994,26740988,26740997,26740980
2298663,281,18388882,18388872,18388872,18388867,18388855
3312913,71,26503231,26503231,26503005,26311081,26435621
2644089,301,21152325,21152322,21152322,21152324,21152305
683087,3,5309828,5309551,5305962,4938601,4979937
1745091,361,13960345,13960345,13960344,13960345,13960343
278027,5,2163993,2112269,2118496,2109738,1994502
1129685,6,8857265,8757369,8619654,8261759,8132000
1341785,34,10733269,10729920,10727644,10504357,10148662
1618259,66,12945743,12945699,12945618,12945641,12945599
1888032,288,15103932,15103932,15103925,15103929,15103920
2610407,41,20882611,20881654,20876971,20658882,20089535
2331011,6,18295120,18091318,17779310,16788744,16792942
1098887,27,8788011,8777730,8779268,8768886,8279239
2543971,36,20350444,20347196,20337681,19904362,19474907
942952,34,7542856,7540185,7537399,7536927,7253602
2309239,12,18379474,18227528,18163978,18190144,16774029
2298662,4,18293561,18239982,18230316,18106421,18129220
343469,20,2747642,2747634,2747294,2747294,2742079
1006707,22,8049194,8040242,8044088,7921359,7515227
1383157,21,11056869,11035596,11044350,10033783,10209415
1272649,10,10077671,9983587,9934541,9127437,9246371
2445511,157,19563705,19563674,19563654,19563654,19563617
806160,21,6449236,6449229,6449164,6449182,6449140
888174,28,7103826,7100853,7100142,7100007,6689732
938784,6,7467151,7467151,7443699,7443462,7324444
1006672,2,8053297,8053271,8053293,8053292,7948807
397278,251,3177816,3177802,3177801,3177799,3177788
757709,64,6061606,6061575,6061601,6061602,6032911
2125219,35,17000409,16994802,16991042,15674545,16222995
2791267,175,22329782,22329745,22329732,22329728,22329709
2928855,41,23429982,23429220,23426386,23426616,22794210
944643,1,7438916,7438916,7438916,7438916,7438916
2924922,2,23399371,23399370,23399370,23399370,23105315
1810731,35,14484686,14479702,14476264,13779032,13894387
917066,299,7336141,7336138,7336141,7336141,7336121
2161718,16,17255318,17143124,17188566,17159240,15797565
1638617,24,13108752,13108748,13106586,13106578,13108230
2272306,2,18177944,18177776,18177912,18177920,17886641
1512411,30,12097556,12094208,12094399,12094440,11757296
1425250,266,11401671,11401671,11401660,11401666,11401648
978046,1,7706702,7706702,7706702,7706702,7706702
161784,52,1294200,1294098,1294186,1294182,1257892
302816,45,2422416,2422300,2422329,2225168,2343648
3428456,260,27427252,27427244,27427238,27427240,27427224
3195084,31,25558873,25554743,25555323,25272618,25032172
1841025,13,14682917,14570672,14533729,14530213,13401376
1611343,246,12890357,12890349,12890341,12890344,12890329
132941,1,1048022,1048022,1048022,1048022,1048022
1993497,63,15947910,15947826,15947872,15947665,15936405
3056217,23,24449693,24449685,24449628,24449632,24449615
80944,1,580524,580524,580524,580524,580524
3252271,392,26017750,26017750,26017750,26017750,26017748
612898,2,4903175,4903173,4901542,4903173,4848922
2934160,7,23407009,23406900,23320861,23328806,21680779
1659027,18,13271246,13271167,13266533,13266534,13239036
3274602,134,26196486,26196470,26196421,26196401,26196398
961811,22,7689415,7678529,7682009,7540263,7125382
1092264,13,8735561,8735561,8732955,8733483,8705280
1911706,58,15293546,15293168,15293469,15293420,15036437
2997427,318,23979025,23979024,23979019,23979013,23979005
2586444,121,20691165,20691125,20691071,20691071,20691055
1908229,113,15265482,15265430,15265413,15265407,15265359
2672934,280,21383081,21383077,21383062,21383074,21383060
3305051,20,26439551,26439421,26436864,26436868,26425011
3023754,70,24189641,24189572,24189512,24189546,24189515
865679,19,6920029,6910060,6912787,6904731,6396967
3089940,318,24719189,24719189,24719187,24719186,24719188
3175740,7,25405783,25405736,25405688,25405661,25405593
2766563,147,22132174,22132160,22132121,22132115,22132104
1095971,31,8766395,8761737,8761884,7904238,8327899
